{"train_loss": [0.801933079957962, 0.6666904389858246, 0.6203375458717346, 0.6461942195892334, 0.5848653614521027, 0.5343001782894135, 0.5381959974765778, 0.47163718938827515, 0.7014443725347519, 0.5226898491382599, 0.4811152517795563, 0.4022408127784729, 0.4092869758605957, 0.35194993019104004, 0.2929244786500931, 0.35703280568122864, 0.28040309250354767, 0.3868434876203537, 0.31288302689790726, 0.2596583068370819, 0.20424336194992065, 0.3875851482152939, 0.21020673960447311, 0.24985533952713013, 0.22062218189239502, 0.1914222165942192, 0.500032588839531, 0.32212843000888824, 0.21679852157831192, 0.25192132592201233, 0.20332732796669006, 0.24541613459587097, 0.4401097148656845, 0.45740894973278046, 0.3540147691965103, 0.2791413813829422, 0.30360718071460724, 0.38788174092769623, 0.28434474021196365, 0.3446894958615303, 0.6359839737415314, 0.21891509741544724, 0.26414358615875244, 0.4396997541189194, 0.4055846780538559, 0.4161308854818344, 0.2525300607085228, 0.22077132016420364, 0.4572511464357376, 0.2056799903512001, 0.34073446691036224, 0.22042981907725334, 0.23080113530158997, 0.4508468508720398, 0.3267124444246292, 0.3322962820529938, 0.14565815776586533, 0.13259048014879227, 0.11899204552173615, 0.30020586401224136], "train_acc": [43.75, 59.375, 65.625, 65.625, 65.625, 73.4375, 75.0, 84.375, 68.75, 76.5625, 79.6875, 84.375, 87.5, 89.0625, 89.0625, 89.0625, 90.625, 89.0625, 89.0625, 90.625, 96.875, 92.1875, 95.3125, 96.875, 93.75, 96.875, 89.0625, 90.625, 95.3125, 95.3125, 93.75, 90.625, 89.0625, 85.9375, 89.0625, 93.75, 92.1875, 90.625, 93.75, 90.625, 85.9375, 93.75, 93.75, 89.0625, 84.375, 87.5, 93.75, 93.75, 79.6875, 93.75, 89.0625, 95.3125, 93.75, 89.0625, 96.875, 93.75, 95.3125, 96.875, 96.875, 90.625], "val_loss": [0.7055526971817017, 0.652346670627594, 0.603091299533844, 0.5666243433952332, 0.5469685792922974, 0.5591651201248169, 0.5673010349273682, 0.56549471616745, 0.5584951043128967, 0.5511388182640076, 0.5501396059989929, 0.5586795806884766, 0.6320808529853821, 0.9234774708747864, 1.427923560142517, 1.8873833417892456, 2.252777576446533, 2.321535110473633, 2.18229341506958, 1.9426496028900146, 1.4931762218475342, 1.2918778657913208, 1.0166394710540771, 0.8776236176490784, 0.7538781762123108, 0.7608854174613953, 0.7310031652450562, 0.7635065317153931, 0.727702796459198, 0.7509436011314392, 0.7565065026283264, 0.7748236060142517, 0.9205619096755981, 1.0010567903518677, 0.8947280049324036, 0.7228912115097046, 0.6779745817184448, 0.7435738444328308, 0.7911595106124878, 0.9674890637397766, 1.1784038543701172, 1.2611716985702515, 1.0519323348999023, 1.000719666481018, 0.9817043542861938, 0.8900486826896667, 0.9676557779312134, 1.0177886486053467, 0.9439173340797424, 0.9494724869728088, 1.0014435052871704, 0.9677013754844666, 0.9879396557807922, 1.0281156301498413, 0.9778146147727966, 0.9082612991333008, 0.8152279257774353, 0.764716625213623, 0.6582058668136597, 0.6816961169242859], "val_acc": [7.142857142857143, 92.85714285714286, 92.85714285714286, 92.85714285714286, 92.85714285714286, 92.85714285714286, 92.85714285714286, 92.85714285714286, 92.85714285714286, 92.85714285714286, 92.85714285714286, 92.85714285714286, 85.71428571428571, 14.285714285714286, 7.142857142857143, 7.142857142857143, 7.142857142857143, 7.142857142857143, 7.142857142857143, 14.285714285714286, 21.428571428571427, 28.571428571428573, 57.142857142857146, 64.28571428571429, 71.42857142857143, 85.71428571428571, 85.71428571428571, 85.71428571428571, 85.71428571428571, 85.71428571428571, 92.85714285714286, 78.57142857142857, 64.28571428571429, 78.57142857142857, 78.57142857142857, 92.85714285714286, 85.71428571428571, 85.71428571428571, 85.71428571428571, 85.71428571428571, 71.42857142857143, 71.42857142857143, 85.71428571428571, 85.71428571428571, 85.71428571428571, 85.71428571428571, 78.57142857142857, 71.42857142857143, 78.57142857142857, 85.71428571428571, 85.71428571428571, 85.71428571428571, 85.71428571428571, 85.71428571428571, 85.71428571428571, 85.71428571428571, 71.42857142857143, 71.42857142857143, 85.71428571428571, 71.42857142857143], "val_balanced_acc": [50.0, 50.0, 50.0, 50.0, 50.0, 50.0, 50.0, 50.0, 50.0, 50.0, 50.0, 50.0, 46.15384615384615, 53.84615384615385, 50.0, 50.0, 50.0, 50.0, 50.0, 53.84615384615385, 57.69230769230769, 15.384615384615385, 30.76923076923077, 34.61538461538461, 38.46153846153846, 46.15384615384615, 46.15384615384615, 46.15384615384615, 46.15384615384615, 46.15384615384615, 50.0, 42.30769230769231, 34.61538461538461, 42.30769230769231, 42.30769230769231, 50.0, 46.15384615384615, 46.15384615384615, 46.15384615384615, 46.15384615384615, 38.46153846153846, 38.46153846153846, 46.15384615384615, 46.15384615384615, 46.15384615384615, 46.15384615384615, 42.30769230769231, 38.46153846153846, 42.30769230769231, 46.15384615384615, 46.15384615384615, 46.15384615384615, 46.15384615384615, 46.15384615384615, 46.15384615384615, 46.15384615384615, 38.46153846153846, 38.46153846153846, 46.15384615384615, 38.46153846153846], "lr": [0.001, 0.0009972636867364526, 0.000989084726566536, 0.0009755527298894294, 0.0009568159560924792, 0.0009330796891903273, 0.0009046039886902864, 0.0008717008403259585, 0.0008347307378762498, 0.0007940987335200904, 0.0007502500000000002, 0.0007036649532163624, 0.0006548539886902864, 0.0006043518895634708, 0.000552711967402193, 0.0005005000000000002, 0.00044828803259780724, 0.00039664811043652927, 0.0003461460113097139, 0.00029733504678363786, 0.00025075000000000016, 0.00020690126647990973, 0.0001662692621237505, 0.00012929915967404163, 9.639601130971382e-05, 6.792031080967287e-05, 4.418404390752081e-05, 2.5447270110570814e-05, 1.191527343346406e-05, 3.736313263547436e-06, 0.001, 0.0009993154526099096, 0.0009972636867364526, 0.0009938503261272714, 0.000989084726566536, 0.0009829799502313896, 0.0009755527298894294, 0.0009668234230353523, 0.0009568159560924792, 0.0009455577588320898, 0.0009330796891903273, 0.0009194159486887395, 0.0009046039886902864, 0.000888684407747757, 0.0008717008403259585, 0.0008536998372026806, 0.0008347307378762498, 0.0008148455353293939, 0.0007940987335200904, 0.0007725471979900062, 0.0007502500000000002, 0.0007272682546199037, 0.0007036649532163624, 0.0006795047907978776, 0.0006548539886902864, 0.0006297801130287093, 0.0006043518895634708, 0.0005786390152875954, 0.000552711967402193, 0.0005266418101433505]}