filename,file_size_bytes,file_size_mb,width,height,depth,num_vertices,num_faces,volume,surface_area,size_category,aspect_ratio
3DModel162033.stl,4035684,3.849,60.053,89.148,132.055,40350,80712,79824.052,15249.6,XLarge (>3MB),0.6736326109391125
3DModel687056.stl,4250284,4.053,45.31,88.902,190.507,41420,85004,60594.911,31225.933,XLarge (>3MB),0.509662324807091
3DModel758285.stl,4539484,4.329,82.672,114.544,244.334,45228,90788,159257.0,29233.917,XLarge (>3MB),0.721748847604414
